order_id,predicted_status
55fad759-2ca8-4a43-9224-55be589da0a4,Completed
0f2807a6-6c38-4601-998b-d378e32fcd79,Completed
48f084b9-1453-4ea6-af78-8bb1f230ed4a,Completed
f4668b39-ec95-4289-a19e-d914bf863533,Completed
f418d898-d43e-4d63-9710-2eb46436a9f3,Pending
07786a4b-4001-41a7-9a72-6b76bff23099,Pending
42fe7894-670a-47e6-a878-1d70c1e138fd,Completed
dd12c730-9fc4-4d39-b4b4-ff0cd0f0067c,Completed
20490dec-395d-41a3-9a19-b2f530fa3805,Completed
92a968f0-a4e4-4a58-8f2d-a2a776de6f65,Completed
51c1107e-8806-473a-836c-45605e71c033,Completed
9d9cce88-4ecf-4c92-806c-102268ae8fac,Completed
0adf3b4f-4f6e-479e-9cb5-06662d7786dc,Completed
aa71d2c6-384d-44b3-8e12-4504f2839e6a,Cancelled
71ad1924-f0ea-4eea-a055-1b4bf16c522d,Completed
26fe7203-0caf-4a5f-8a95-b5c9671ecb55,Completed
50bb64d9-799b-4876-b057-b04f572a0569,Pending
8dbab9a7-3859-4154-a11f-db7e20876c15,Completed
c79f7f64-a464-40f9-91d1-845cbb35ef2f,Completed
a284088c-2f07-4dce-a966-1b05e2cb4571,Completed
bf17ab64-9757-4871-87c7-405801717518,Pending
894ace05-c6e0-424b-87dc-145abc0e6628,Completed
1f31b611-d23b-40ae-b6c9-b399903e7141,Completed
79469687-265f-41b0-b8fe-677c70b19941,Completed
cc32e787-227a-4a3c-bfd0-0151901df97d,Completed
c99cbf70-2f66-4c11-95ba-7e504bc5e4fc,Completed
09188942-e4c7-4f07-a5c2-84c56af3a8f3,Completed
a830ce0e-1a18-4120-a238-266955df6433,Completed
e4591fbf-a79f-4df9-b32a-e8406dc14bfc,Pending
514ad833-c73c-4bff-b5cb-bef867e9e5f8,Pending
1e1502d4-89ee-4d30-87fa-eda446671cea,Completed
9256294a-6ec7-499e-9f2c-71c2904f7f5a,Completed
dd28f079-969e-4a02-8255-0c762a790f8c,Pending
1815032f-692a-4e7a-80b5-04f3d40550f0,Completed
9c5e849a-7978-473d-9900-da3ec444a577,Completed
4ab1cd82-7914-4417-91c4-39c3d3e5c63c,Completed
f42a10a7-3999-4c19-9dd1-7c95bad9461f,Completed
35d754d2-0921-474e-923e-e642ee22b5ee,Completed
513eb736-5452-4ab0-acc4-3b8e0e0bc0ea,Completed
4ba65a1d-2bc5-4743-a785-c708107c2d69,Completed
eab93664-a5e7-4cb7-8d6d-18213c28393f,Completed
814b3c9f-8114-441e-94ef-2bac1af760e4,Completed
ca3927d5-f6d7-41b2-8dff-0c4a206254fc,Completed
99684074-1617-475e-92a3-46b1f659050f,Completed
7df30b5c-7ad8-4bc5-b4b0-c81a8850fe6f,Completed
fc5e0c75-de9f-439b-bd08-1eb38b9e588e,Pending
049185fc-d6d6-4cc8-b229-c5e35034e208,Cancelled
0665b7cc-40d9-4f9a-b1be-b9c35dd1ca4f,Completed
762917ca-4e0a-43f1-b58f-f86a7e61663e,Completed
4dad2fc7-cdbe-488d-8ee2-8ce66821f548,Completed
5269a30f-d042-4f74-8a04-116aa562756b,Completed
9a97157c-9ba5-4233-a757-bf1f081d8b86,Pending
43ba5bf4-a296-45dc-804e-b076f736b34f,Completed
dcabe008-7a32-4b8d-bf56-13919e793d80,Completed
6ae37c5e-04e1-4517-bd30-f16e4daa2864,Completed
a730b2b0-09eb-485b-9a23-a27fb2ca3c2e,Cancelled
9f17af56-7306-4782-92f6-2078684bf123,Completed
74cb895d-d4e8-47fa-920b-52f784463c60,Completed
a2fcc87d-4d8f-4d25-a40b-6e2953057008,Completed
e2d91425-7179-4b96-8f6c-f48c69a1c30e,Completed
8c38ae38-2d5e-4896-9792-01b5d64b3a15,Completed
8a5c7a69-25d7-4522-afea-5c47c6a273ec,Completed
3d4d7ca1-df45-4fe0-bd87-7565c3eda059,Completed
f577188e-52c2-4914-8b85-921dc8f5e165,Completed
f4de9174-89f5-4058-8bff-1bdf80542114,Completed
5121b5f6-ca1e-4a46-8dc8-54d2ea1fe551,Completed
ffca6eaa-c1aa-4f63-8f8b-aabb93c9fd04,Completed
4deef48c-800d-4bd5-9489-7c3d02f0c54e,Completed
b56fff28-9e4d-4683-a269-9f15d6660389,Completed
878089be-9fa1-49ad-ae8b-ec9a8a70f1d3,Pending
071076a5-f6e3-40ac-bf30-109d2cc7715d,Completed
906e8a8e-0f68-490e-9698-d690cc4eddb1,Completed
f7a49c3e-6886-49d8-9dee-6550807281f2,Completed
4e671c8d-9172-40f8-9a96-576cd6755fed,Completed
c215bfad-863a-4756-90a1-dff920bb5815,Completed
c294dda8-cb49-413a-baaf-dfac7b3a6275,Completed
1eaaf23d-fa67-45d7-b1b1-407e3a135571,Completed
93594a8c-048a-4081-8dea-c5ee52a7524a,Completed
512817bb-f946-44ec-93ab-a0cb689cc806,Completed
2f2582b6-9001-49df-88ae-b425452ae4c6,Completed
e669a29b-8b77-4aa1-98a1-cd187e807253,Completed
2530f8b9-c519-4e38-aab2-1ef92a1bb54c,Completed
50e8b6fb-6bff-4e6e-9b09-9761d55b2e83,Completed
e74a65cc-a2cb-43a4-ac4e-d900449dc7f6,Completed
47f6c80b-fc3b-4be5-9cef-bb4e50f3801b,Cancelled
dcad56c7-b243-4ba2-8822-38ad5c67f589,Completed
a41e413a-a72b-43dd-b537-60cf24968e0b,Pending
a112d1d1-f8dc-45b2-acfd-5deb2d7c8ed4,Completed
a13189fb-2827-437e-a0d3-e8d8e80c759c,Completed
e2d8d592-038b-4ecd-8be2-2b442e362819,Completed
b96edc53-9bd6-4bb3-b448-50ca77556f45,Completed
d58caa74-7928-48a7-96e4-bc978ed524ed,Completed
1d9cb89c-1c24-4054-b779-3ae9956c1aab,Pending
65d9fe4b-6114-4c1a-a59d-0d375352b633,Completed
6fda3c89-109f-4b64-a82b-b84f413c8f66,Completed
fd776807-a0d5-4508-a5fa-e74b03097d72,Pending
7cd13536-188b-43d6-993b-fd7f801d0d38,Completed
b783ad22-84a1-4a73-80b2-6a2840c9daae,Completed
689c48d6-73c6-455d-8c14-eb747e948217,Completed
a1637c33-2414-4e13-b49d-e83f46faaecf,Completed
86d5c32a-43b5-4037-871a-b3631624032b,Completed
53905cbc-0c52-48ce-b697-c0e7ada107df,Completed
54435f22-11a6-401c-b42a-3ff28d6dc9a0,Completed
1c682bc1-e958-4dcb-8a10-630645780973,Cancelled
035c981c-ef72-44a9-85d3-f5a0a55d6499,Pending
cd5b3e3f-0ff7-46df-8928-f42f6865b2df,Completed
b3ccfd6f-ac65-401d-b0b9-9dbecc60148d,Completed
327a6cac-615b-45c3-87f5-315d60639163,Completed
b69f4611-ba24-4802-8352-75a3a8dce598,Completed
92ec4235-ba0c-4fca-85f0-31690a6678e0,Cancelled
7c404463-60e5-41e2-8174-0a6066650f1a,Completed
cec0ac6f-52a0-4e92-ab0e-3210755a336a,Completed
eb718e63-a817-4232-a174-335030ef21e6,Completed
e52bb567-2bbd-472a-8554-f678b7e77e5e,Completed
ac742198-8603-45d7-b234-63998c774ebf,Completed
d979c8e6-9590-4539-83b4-3cdeb4fcfcdb,Pending
ec475357-76bc-4818-b1eb-ac5c495f81b6,Completed
5f55a93d-60bb-4fbe-9dcc-60c77d715bb1,Completed
292d73b2-5264-4e88-bc46-be95c0aa0eb4,Completed
ee946e48-da8e-489f-8051-e3d58dc6836d,Completed
d9ed727d-a04d-48a6-b852-8a61296b2205,Completed
3ced6ed3-d36f-4dbc-8afc-81a2839c809e,Completed
af5fa17d-5908-46e7-82f7-7535992f3ca8,Completed
43f2e3cd-4fac-43ce-a043-20e741e006e2,Completed
120b0529-d04d-4db6-a05e-869201cf94f3,Completed
2dfa2e8e-434e-4d3a-aea9-db222c3a33be,Pending
20864325-1ec1-4972-a240-ce15644c4b90,Completed
30efc53e-3a9b-4eed-a19f-790ef136af8b,Pending
879c566f-6bac-4a81-a834-6b0bc121fbe7,Completed
c6e2e406-3fd1-4446-aede-c2fbdcc8e95d,Completed
03ac5f62-d142-4d40-8dcf-ccbc54b2bfc8,Completed
84b6171e-db16-417f-9b73-1ab7284faed1,Completed
644eb36d-b026-4724-9175-59a20ef43566,Completed
873846cc-0154-4b31-85bd-c9851dd69b27,Pending
46542750-3b6c-4ec1-9007-0ac37294873f,Completed
80c66049-1f10-416b-ad53-5d74c957c21d,Completed
af4e2cc6-c476-48f4-ab64-90c4c1dd52f4,Completed
d0200461-41bd-4b96-ba05-a1e350d1f404,Completed
ea4c8d1d-0717-48f5-b86e-1d29e87e0eaf,Completed
7ce89ff7-2df7-41c3-b8b5-bf95026d4f39,Completed
a52fb26f-33d8-4e8b-957d-6be467e71449,Completed
c840a561-450a-4220-a386-7715c3ec43be,Completed
4029d42f-eef2-4cc2-943d-e7bab87758be,Completed
f0d7a7fd-de1c-4e72-8b47-7b926ed67983,Pending
ab858c91-f8b3-4081-ab77-21735292c866,Completed
d42b1e02-c25e-47d5-9d9d-3be29c5ed156,Completed
eced8654-b758-4072-8f9b-141dc8efbd44,Completed
10501a40-6f62-4dd7-bc8d-756c211f3352,Pending
f19075a2-022a-4402-8396-fbd1f3e5b927,Pending
ae72e316-4906-4f01-9008-c363b13a3c9b,Completed
fedadcde-9977-4388-89f5-39989179b64b,Completed
cdcd8553-b819-4869-a583-40bdc9143352,Completed
038ec2df-93b2-4bb2-b402-37775a9254b8,Completed
67a9638b-8fa9-435f-979c-71c705a6009e,Completed
73b0c45e-59b1-4a6d-a875-bf8a4b8b9794,Completed
9521d9f0-51ae-40c9-a761-99e4fc88be75,Pending
ef323c9a-6c86-429a-86f9-4fb86ea7e8e2,Completed
f6a2e557-db4a-4555-b568-4ad93ee1a7f8,Completed
af1cf6d5-450a-46c8-9c44-982e28b2629c,Completed
552789f6-e72a-4c94-b89e-b3ba57fe9381,Completed
36f2a6f3-8023-46d4-940f-1480bb1a1328,Pending
5610dc4d-4725-4fb9-99fe-29da34839a15,Completed
2d3dac2e-cc75-4351-bc90-042add15bb2b,Pending
2ac0cec0-cd1d-49f2-9b72-a58d30fdce8b,Completed
e88268ad-f927-4a86-b0f5-175cdf8ba2a2,Completed
2c76ae77-9800-4995-a503-087b4cd14035,Completed
f2da2fd4-ae20-420d-9a6a-7a5a552f628f,Completed
0e73300a-c14d-411e-a3d2-c9a96f0cde79,Completed
343fbea1-3379-4302-b274-7102bd544bbb,Completed
e09db38b-92f3-4d0d-a5ed-bc2460af4f53,Completed
91c2b492-6df5-4263-8f3e-04d3cba098f7,Completed
cdc99e4f-7006-4570-9144-e19821258436,Completed
5ce31b6a-f356-4f96-88bd-634913efb595,Completed
d8ba7038-d57f-49a7-8b96-77cd81f2c2dd,Completed
3bb7986a-cf04-4637-a94a-413bc1518600,Completed
db81a615-4662-4967-ac8f-eb309f9401fe,Completed
f378fdb9-ed16-43ab-a462-8dd4f7d2f400,Completed
b56623c0-ef51-40cf-8339-24fea11e843d,Completed
f708ad42-92ec-43f2-848d-d3151cfa39a6,Completed
5c1eb4d3-3d3d-453a-b125-13a860a0f2e6,Completed
ce9fa79e-62e4-4500-ba12-6e0b526c94a1,Completed
e55d7730-f319-45ba-ad8b-2c14b8b19e0d,Completed
f613ca28-0e6c-47c9-b4df-a6e197d70b61,Completed
e9f7529c-3abe-4a6d-860c-93bf90d65a78,Completed
f35a8906-deef-4f1c-9091-26949bb70544,Completed
2a6787b9-55e9-4e30-9977-0e36385f51cc,Completed
8ff3e6f4-2167-4c48-a51a-e212ed06cf11,Pending
bc4918f3-5f3b-4159-a024-3e314477e97e,Completed
fa06f280-1cea-41cf-a342-d7bfecc094cc,Completed
52a428ad-e1b9-4d0b-90de-e3511c1bb406,Pending
51fe1d7c-0458-489b-9c25-0eee923ad185,Completed
409bb95e-5e98-4587-8901-e58df25b9253,Completed
f97c85b2-ff1d-4610-9d9d-38f3ff29b6e6,Completed
09e0ac1c-e593-44ab-898d-2ad8ae5b7f52,Completed
628c74fd-fb4a-4a5b-a66f-a67b338c6324,Completed
f738f60c-2561-4f9a-85b5-663e2ead482f,Completed
f1e56b85-365c-4808-9f93-b4cd6d88e916,Completed
e0666b88-b91b-4572-b0d6-777c6a329afc,Completed
594fd117-8332-4387-86be-2a5d7eee8eb5,Completed
f4a9bdb7-f0bf-4efd-9754-07f8d1b6d897,Completed
dba169d0-0209-4011-bb51-e5e077875389,Completed
1c073bc5-31c2-4eca-80dc-72892b18aedb,Completed
dcb86a1a-67f9-4342-bed1-9403545b6dd8,Completed
b026ddf9-9522-4328-abb1-784587edfe94,Pending
9cc40e0c-6378-4a12-ae40-397fd80c1abf,Completed
065f938d-380f-45cd-b217-9ea3a17a65b7,Completed
f6a8bd4d-c0bd-4689-94ad-7dbd38594be7,Completed
8e47ac5b-5628-4f7b-84f3-6b8bc425f025,Completed
d55af814-156c-4edd-9f96-e12d9844934f,Completed
935ed0fa-1568-4692-8743-0392de363fca,Completed
f5186eea-f52e-45c2-87dd-df9fccbe08c6,Completed
08ebacf8-784b-44cc-9d2b-a9bd319483af,Pending
9df1b2a6-5c43-4c0c-a54f-8d32c7557ffb,Completed
1e2528c4-729e-459b-83c2-4e7f5b92f4e7,Pending
18368a48-20df-4f4f-828a-99004b7613b1,Completed
f4c8070f-e52a-40f9-be1a-57a6c1370989,Cancelled
4c39f5a3-d24c-41af-ae50-076846d072c4,Completed
7b705157-dba3-4dad-9bde-64c4a1333b97,Completed
0ea51717-41b4-4f71-9ca0-dabaffab1727,Completed
128d84f3-ae23-4f5a-a83e-337735bbe971,Completed
1d6ee5bb-25ad-4d88-b8f8-d6fa9afbd9f1,Completed
51b20d84-16f9-4852-8919-94ce8dc948f1,Completed
585f36ee-f81b-4811-8e74-14e5c081012d,Completed
683d9241-6527-4c61-9d9b-8b3273898db5,Completed
cd661ccd-9c02-458f-9287-444ba10a8630,Completed
ee35e57c-f1a0-443f-ae89-c78b98e4d6b9,Completed
1349f897-88d4-4aee-8fc8-0698bab20ecb,Completed
b1108e84-4f86-4322-96d6-2c96fc86138f,Completed
079fcc51-c27c-4ac6-9b8a-bb64f20424ff,Completed
fbd73272-d791-4f97-83ff-11362ba9fe7e,Completed
4b361401-090e-48a7-898a-b453ce05f7e4,Completed
ee4004e0-e4fc-44d0-91dd-e95a2301757e,Pending
4481b946-0c5a-4904-aa09-5e7738cc073c,Completed
b5392af9-c961-4307-9dbe-0364b54da5ee,Completed
27ecc22b-56d3-4e56-9d87-46ca44d6f418,Pending
4f4d761c-2baa-4069-b063-ffc826f2bd04,Completed
6fd77467-13fc-4f28-8627-1904d1d9091f,Pending
4ef5581e-23bd-4d71-becc-cf5a4180dd5e,Pending
07bc655b-80a8-44f5-9e3f-ba660836d38a,Completed
64717385-194f-4b6a-a18b-fd068c7187da,Pending
b2c788e7-a79f-4ee0-9ef9-cae7e58dd5ea,Completed
25b58dab-de39-4f42-b843-6e51d1067b56,Completed
d33e4b6e-c7e3-4506-a085-2050e301e53f,Completed
27a0b562-cec6-4b20-8a2b-aaef004afdb3,Completed
96993e64-5fd6-4d0c-9d49-7ad2481f50bb,Pending
cbd0b5ee-fab3-43c3-9869-ed4de93cb058,Completed
5e1e22fb-7dd2-4ced-8eca-ff62b6f5d003,Completed
846b92c3-b28e-43a7-aa77-c07fd3200b93,Completed
f0ef2dff-0d95-4ef8-968d-168a95bd9143,Completed
0d0f568c-9f5f-4c1a-80b0-c12fc00c19af,Completed
519d835f-c13a-4115-8fec-cfc1a535a9b8,Completed
cafbed07-bab3-4338-b100-d3c444c2da85,Completed
dd09d859-e018-425d-8ca3-29c679bd7c63,Completed
e418e3df-823e-4cde-9128-43d3accf5423,Completed
9236b9ba-8e70-4fe3-a128-89a4f491cec7,Completed
193dfc0c-7267-4fad-a5f3-fc8e4a6ef393,Pending
edd7e390-3d59-4e87-abfd-a763604ba10a,Completed
d28f9a54-a8b2-475a-ae6b-8153596696d9,Completed
d9e94fe4-bfd2-479c-aee5-c6f163565d9d,Completed
2feb0021-75c3-4975-b4c8-4d82cea03e47,Completed
bbd1d476-b08a-4898-93bd-0475a5cee0a2,Pending
866402a5-c917-4c17-97c6-8c0e8e925b98,Completed
9422ecf9-bdfd-49a7-b993-a796264284d5,Pending
44052832-c129-4d01-a359-036631b61e44,Completed
04436da9-e029-45e7-b2f1-d4e71188ca17,Completed
8922bc93-b861-47d0-9979-447b90398a28,Completed
1300700e-9d81-4099-b25b-37f60e39ee65,Completed
e0f92198-7dfb-403a-bc16-3ca446e51a1c,Completed
05a0e466-e10b-47ef-b872-1c1aa90520e2,Completed
46a25921-3247-4b71-9b6a-54826e1a398c,Cancelled
1329ddfd-251a-49bc-b435-5374624a4162,Completed
7bed7111-6b25-4c69-a3d5-e818705089d7,Completed
175d4bfe-781a-427c-b769-e2e8d32128c3,Completed
ea78b2f8-8ccf-4818-b4fb-925e344cd528,Pending
a8625703-3de6-4f12-ac3c-703e9eb275bc,Completed
75ea07ed-7840-417c-9080-02d644e7ab90,Completed
1e8952c2-e807-48c7-9638-b8f1187e1e9a,Completed
f443c75c-497e-41df-8a09-c2ca18ed2425,Completed
ae25ecec-baba-452d-a92e-cc0281d76a89,Pending
23894d58-0e3b-4357-ac0c-c79b80194582,Pending
cb4b4fea-7b4b-4116-bd5a-a4e3a40c3a67,Completed
26a785ea-544b-4291-9b7e-9d84fb91fe07,Completed
56589450-a7bf-44e0-b8a4-601f7cd7f483,Completed
77f4588b-8443-48cb-8cdc-1bc665c069ba,Pending
e80c87f8-4df8-420e-bd61-743fd12685ff,Completed
1630c732-fd2f-46a6-a010-72b386ada6a8,Pending
602932c2-dfcc-4198-948f-cb8e95a996c9,Completed
3d21de40-66b0-43c0-a4af-def2eaa02f99,Completed
1316941b-8109-4004-afde-297ed2e9c1fd,Completed
99a367ee-7911-4d39-adbb-25a0177d8e3e,Completed
94ef575f-cdbd-484f-b247-37646693b294,Completed
ce8ff3f8-d9a7-462c-a912-ac6600ad176c,Completed
32fde1fd-5dff-4fad-9581-e55768693bf3,Pending
e6107ef0-4be1-44b7-bbbd-a159ee14d06a,Completed
d96a3c43-290d-42fd-a81f-43f629f497ba,Cancelled
ea4dd551-3bd7-4292-bad5-604a227d45b6,Completed
68098ecd-77ca-441b-8ab5-72aef28787cd,Completed
873783b8-5044-4948-a077-8ee48213a0d2,Completed
bdb87d3e-43df-45e7-ab88-7eaa6968ad8e,Completed
0aec2f24-e14d-4243-b3f8-2a74b9e5a711,Completed
3054fd59-5b03-4ee9-be6d-0a38a6a406b2,Completed
229b419c-92c9-4573-b5f8-0a623e085435,Completed
3ff7fbde-87d6-42d5-80fc-b12b734da3c5,Pending
326d0e70-ff9c-4673-9a5d-0f6d0121ccc8,Completed
0b4658ce-3f13-4307-8fbb-d70852de7c17,Completed
c4995df3-2b3f-4009-84d0-b036e00e2f07,Completed
756fd6da-14f8-49bd-a938-26e00c95e578,Completed
ef2cadf5-0fde-4957-a517-baf4db72ead2,Completed
8916605f-9356-4b4f-8ddc-0887db9a5aca,Cancelled
e307de2b-806d-428a-8d32-0f5fc708664d,Pending
fa3706de-9c47-4818-9685-52710b08b93b,Completed
361ef20e-7c45-46b3-8bd0-f81a15d521d8,Pending
5b526889-37d7-4d80-8157-de36846a0fb0,Completed
808a60be-acbd-4402-94f0-918f2b8ae2bf,Pending
a57bdc05-dc9b-4747-9bf3-8335b9e63530,Completed
daf97978-1f95-48dd-856b-6ee066ee7cd1,Completed
e558ce01-b7e4-46bf-83ca-735c63032bdf,Pending
019115e2-336b-473f-b54f-bacaed37d126,Completed
a155d34b-b828-48e4-a568-6d39b226dd87,Pending
5a044b5f-c6fa-4f44-af48-571418fb03e5,Completed
461968dd-7b34-4374-a79b-83ca2be323b2,Completed
8477292e-ca21-47f1-b401-2a9b2bc5e86b,Completed
cd31fd4d-e49c-424d-a657-4608faa4e98a,Completed
3098ff2f-1ea3-4b48-a212-0e130b219a18,Completed
6ddac92a-2d03-406b-960a-248a5a9dd698,Completed
9113fbd9-564d-443c-9327-3f6d32becf1b,Completed
4e8f546c-5c4d-4847-b489-c9243193ed88,Completed
5cda32d4-0258-4d3e-8654-a3ecdd2682cd,Pending
8f9c70a3-a0ba-43c0-ac07-dcb6c5ff3b37,Completed
4b9d7c4d-45dc-41c3-ab50-98ec17c098b7,Pending
7181f26f-9063-4473-aed0-25f31dc7bf8e,Completed
fca8aebb-9810-4e05-8a75-c53b44de03a1,Pending
e551b7e4-0234-4758-9107-fa260b0a1ef1,Completed
a093a403-413f-4952-9d11-fe2da975222b,Completed
f4c29990-0dd1-40d5-9021-78afba8c9d8d,Completed
e6be41a9-5798-4682-b8a0-7850ccb2140f,Completed
1b7f20e9-2e7d-4213-8ad4-111b35eafd5d,Completed
02e5108a-0145-4710-af4e-b42da9692c56,Completed
1eaee706-9b26-4531-bf7c-097d9d765fdd,Completed
f64bb85c-f33b-42c2-bb73-f26aaf08cd92,Pending
714e4d1a-2c01-4f88-b6cb-7e9be36604e3,Pending
9fac323e-0bab-44e4-b28b-382073c65ed1,Pending
222d822e-486f-45dc-9c36-a7bdfab2f422,Completed
bb953131-3540-4e43-885d-cb581e8c0260,Completed
35873a93-ff36-4a55-8e07-9b6bb9f068e1,Completed
53a1ad76-7637-4bb6-bedb-08a0848ccffb,Completed
ce4c3cf6-ebea-46d0-a926-d15a5825b423,Completed
78f937b5-a0bc-4793-90d5-0c00acd39c5a,Completed
259c8003-c944-4ea5-8fb1-a46e6581a03e,Completed
70ff2a2a-a911-4757-ab3f-8975bfb9e617,Completed
42849dbc-b322-4900-b505-5f1927242926,Cancelled
0a049a86-e4d1-4ffb-a98e-1ef42568f423,Completed
8ef85f31-f60f-4115-8fd1-aa79fb1117da,Completed
2bc30189-7f09-4894-8a78-d88b6f76f2b9,Completed
26a421dd-a5b3-4492-80e8-2624725993f4,Completed
d2bf880b-c866-49ed-81a8-1ece75f72158,Completed
0e3caa17-f784-40fb-9968-0d9b669b50d4,Completed
1b7e5a5d-c861-4d05-ba29-ec786aacc46a,Completed
8202adf4-d4d3-4ad4-b121-4959d039aae8,Completed
39cff708-cdac-49c2-8d7b-165d58d4caaa,Completed
3903ff0e-c87d-46d2-a3f1-7bc8a9310f13,Completed
c36c4668-b3c2-4288-abb5-2cd78ad94ab9,Completed
5fd90e21-d6c1-421e-9d9d-c9e16b1a40b7,Completed
d85e59dc-e519-4f83-8900-69aa7be9e416,Completed
0d81e997-e607-4759-b71b-2d58319f491c,Pending
0e3ee827-6136-4c7b-8801-d7997296b1fb,Completed
bf076491-c0a0-410f-af14-737f8ec232ec,Cancelled
866f5a31-e538-42fa-847f-0536e8303603,Completed
c4e5b15d-aee7-4140-92a6-5772a653c59f,Pending
fe375131-54ff-4e2a-83a7-fb5177813434,Completed
2d049a30-8c1c-4278-8530-fbc1db842404,Completed
7dcbd274-e942-4bd7-929b-88293ed8f65d,Completed
b679f3e4-69b6-48ec-b5b7-967b4d08fd38,Completed
78087502-3616-45c9-a87e-0d176c7b304c,Completed
1ac1cc60-0bec-47aa-b5d5-407adac69610,Completed
04128110-d005-45ef-9e16-12cd7c230947,Completed
05d40115-68c0-45d6-9ffd-5012de00dfc2,Completed
c6d557c8-bc0f-46e8-81b7-69ca8b4b9275,Pending
58337786-565f-4cce-abe1-47550be791e4,Pending
cc81e4f1-199d-4059-94b8-2f3142d7af8c,Completed
268eeabd-7fcf-44f3-92e9-8136a7a1511c,Completed
a5eaabfe-6ad5-490f-8cde-dce8450c4802,Completed
62f066cf-fd4d-4b71-a5dc-0e9aaadfb7c4,Completed
c2ec9a87-83fd-418a-9775-3be366b16407,Completed
f59ad570-efed-4569-a4d1-b0003a895e2d,Pending
3882764e-59d5-4bf1-b94e-9c6b208effdd,Completed
a5268ec7-e0f4-4679-aa0a-d8692cfeb5ad,Pending
e80766f1-1604-42b2-8fc4-28e5e727504b,Completed
9a5fb8f7-3cea-4029-ab01-b5f2f551a8ec,Completed
2c013439-f5d6-49ad-a3dc-01c0977448d9,Completed
fdec0526-09d1-4b8e-914b-6cef73ad1929,Completed
114afb9f-2e5e-495d-9a06-58dbcff012d7,Completed
b0de6aa4-a250-4bb1-af5b-8e3296a6bcab,Pending
bf6cca09-709b-4b3f-96a8-9963e50c305f,Completed
0ddaf5e7-4796-4040-a7a7-bab464eebdd0,Completed
bb797af1-6bf3-44d4-906f-1646448e9f40,Completed
a6413de6-7b4c-4472-9cd9-7c62b0a92cc8,Completed
94f4763e-bed9-4546-8a21-1c4f32905219,Completed
413f101a-9b02-4e57-a5ac-7a4dbd2489b7,Completed
82d53e50-3d3e-4de0-be34-07f55ec1ff47,Pending
45bf028e-4b25-4e39-8006-af7d82dfa9d8,Completed
687c8fb7-8924-46f8-a7a3-9b08f96bbb1c,Completed
19b71a13-a49a-43fa-98d5-2d10221c8382,Completed
b65ca28f-94a8-4f14-91d3-fdcef902c53b,Completed
fd61115e-ce02-4fae-84dd-651528896caf,Completed
61782937-7a02-4260-9e34-4c0097c3e866,Cancelled
b17105f7-7535-4120-b1b9-2bfddad0ee87,Completed
ba8f31dc-188d-4403-b0ad-e25f5f89abf4,Completed
41f7cbd2-51f3-4580-8f2f-f1de7f3a72eb,Completed
d35a4e47-dfc8-4023-ac86-fe3cadb701e0,Completed
84fc52e2-9a51-4d2a-b386-99249fde764c,Pending
e895b665-0550-42ba-a832-716afe92b6ea,Completed
7e0398c9-13c8-4ccc-a71f-0335f2116c45,Completed
bc7c5e4a-39a1-43bd-afc9-c6206091dce8,Cancelled
c67a9744-b75e-4cc7-b4f2-9bb6a11eac25,Completed
579d1719-6826-41e1-ab4d-47dae8133cfa,Completed
4d884883-bd6d-4393-85ff-ee73c67bba81,Completed
d511f8ad-6931-4591-92e7-2f38e07f732b,Completed
6b6526c5-fed4-4d2d-aee3-acfae153c6b0,Completed
bb5e3904-9379-4376-9ea2-d6387b44fe31,Completed
36eb89ec-f654-4ed8-a773-287a5e48ade7,Completed
581c5d12-642c-4846-9b14-9ca821ca1565,Completed
79a1844a-e935-4242-ae21-b91ccd38022a,Completed
e3af64bb-06fd-4773-94e9-2df5c84482a7,Completed
61a7f867-3e7d-4b12-a545-fc83e5cf50a2,Pending
69bbf829-c664-43a0-b4e3-bf19821addb5,Completed
de012b95-0f4d-430b-8623-240a534a2e6d,Completed
46d6ef49-b5f6-4bc3-8a73-3199a41b9f9d,Completed
a7990039-26d0-4020-b33e-cd169f11bfee,Pending
128bec78-78aa-4c94-a3a4-06f1798da917,Completed
b66bdc81-0bb2-4390-a304-1a9a2f01cd50,Completed
bde5516b-3e42-43a7-9c37-d52eb12bb6bd,Completed
38a5db4c-3cd7-4c54-832b-ad55d8e18b43,Completed
37df0947-3675-4a31-8a26-48bcbfb904b2,Pending
d56b77a7-125a-40b1-8172-2d678c0676d6,Completed
e68a51a3-d660-4011-8897-77bd6d05a140,Completed
2bb634ee-4b77-403b-8b82-de43b86327e2,Completed
99de4060-2a6e-4f53-a779-832c209d9775,Completed
0dcede53-6ff4-4ea9-a01f-5a5fb39ecf0b,Completed
09ed9234-c93c-49b0-b4ec-6f3f1eb177a4,Completed
618b6d9b-ef40-4132-8650-566ebcbc2be9,Completed
e7fda5ed-a2b3-43c9-ad9e-c42660b1e84c,Completed
5bf03f39-2fd8-456c-a29f-84adbbcf0ce0,Pending
a3773899-51e5-492f-ad57-251bbc0b2cde,Completed
1e33aa42-b6cd-4e70-8bb4-50e0d69b1375,Completed
e5caafb1-50c7-474b-a764-30fbb7ed0821,Completed
0b53c509-f8f3-4409-926b-9c9eb9124239,Completed
94153769-284e-4ce2-9e86-f2efc8df76dd,Completed
ab9a9558-023c-425b-80fb-e85422f6f26b,Completed
b4765aa9-2c30-4b1f-bd0c-3f6be7044b12,Completed
c474d58d-cfc9-4862-9bec-334f622503db,Completed
eca3f848-08f3-4531-9086-d9d7d1373ca8,Completed
2d8fc091-3eb3-4a75-8f87-e86278bef7c6,Completed
a43a9f4d-942d-4cb0-a960-f41742429066,Completed
5815c138-09f3-4b68-bf01-7d1b5b0f8db9,Completed
69ee70e8-8ddc-434c-9267-0798482f2875,Completed
d79ace56-defb-426c-b48f-6c90017e5d26,Completed
11562a7a-a481-45c4-961f-f67f0b439321,Completed
246937f9-91cc-48ac-861c-f2610cfabdfe,Completed
b014db2d-0b74-43c0-8aee-f2613fed625a,Completed
44ea00bd-b1e9-4dc1-b0af-dcc2bd73ecac,Completed
67c42ff7-ef4e-46c1-afe1-f2b7ab659c97,Completed
6502b15f-699f-4985-badf-cd3479dda69a,Completed
ad678409-5fc0-472f-b46c-1e2bae003072,Cancelled
539eac43-dcdc-4a64-b6cf-397a454595b5,Completed
147b0234-7a75-475b-acba-4cebf196f99e,Pending
6ee92497-34a0-4919-8ee7-243282958b31,Completed
766a946a-6b91-461e-829a-7014252a7a75,Completed
c6890e4e-64a9-4bd9-ac46-2ab02638286f,Completed
82b40373-f73e-44a4-b4d4-7a23c597a17e,Completed
e782383e-8a9d-4cba-ab9f-96cc02cb1510,Completed
d1dcf5dc-cb2f-4e1f-bb6c-1e63558d6bbd,Pending
f779e63b-3980-4cbe-8020-2d20ff869f8a,Completed
27f3f212-dd2f-43a7-bd01-72f587eb41a5,Completed
663e293f-2417-4c5f-8d9d-d0cee3874b21,Completed
a90f6adf-fd42-4713-944b-0ccd1e561756,Completed
af65f648-1233-4711-b5bc-01bb6c52940d,Completed
076caa5e-c9eb-4989-bdba-1b4e4508c877,Cancelled
55e6c7ef-8150-42e4-9da5-eb40040b3b55,Completed
54acc7f8-f1e5-416c-bc36-405dd1773ac9,Completed
3f8bed83-ee35-4a4f-8e69-740fec17774c,Completed
56ad7dfb-8b10-405f-8118-adfe98f348bf,Completed
693383f8-1a07-4891-8bf9-6e346ecfedc7,Completed
0cd37ea7-5749-4ef1-bac1-76028cbb070e,Completed
14ebcd52-8876-4f2b-a1a1-f107daa6f389,Completed
c7f71db6-4ae9-4b63-af96-cacd2ebad159,Completed
fbfe6659-352b-424f-8e62-f2261544c5c3,Completed
33535226-ecac-4c9e-9742-b7b838d6c548,Completed
5ec0d95c-da16-4507-89d2-d36a9e9d34e1,Pending
14ec8733-cf0f-4804-b11b-d51e745fa3f8,Pending
51339dc1-92a9-41d3-929c-8a20ace15801,Completed
641e55fc-da37-479f-a234-b6ae787f1fe6,Completed
2ac97d24-360f-4247-ac4e-4a5877b0511e,Completed
cda99d45-9db9-414d-8001-1f2e29d3b9aa,Pending
990f1e63-0ee2-4384-b022-d0b380983b43,Completed
25e137cb-de20-45b2-9c5e-c3394bece463,Completed
65b02420-6912-425e-b9e0-6db5f5cbd9d2,Completed
f0d2f65e-fe95-41a4-afbb-f10587753b58,Completed
865d7a01-eb7b-439d-a897-5ef396f6b35a,Completed
5ea6bfa5-5cd9-4470-afe0-13e9e4562cc4,Completed
